feature,mean_abs_shap
ret_1d_lag,0.0009149791014803893
momentum_1m,0.0008973360576917729
f_sell_5d,0.0005501966235461077
ret_5d_lag,0.0004658792297305183
amihud_5d,0.0003436825104173075
log_size,0.00029253546332093773
f_buy_5d,0.00021289897840703632
turnover_5d,0.0001555649958421167
volatility_1m,0.00014201974306296967
